{
    "pizzaria": [
        {
            "pizza": {
                "sabor": "portuguesa",
                "preco_base": 21.00,
                "e_personalizada": "não"
            },
            "bebida_pedida": {
                "quantidade": "2",
                "pedido": {
                    "dia": "quarta",
                    "hora": "14:00",
                    "prioridade": "alta",
                    "cliente": {
                        "nome": "matheus",
                        "login": "matheus123",
                        "senha": "123",
                        "telefone": "1234-5667",
                        "endereco": {
                            "cep": "89120000",
                            "rua": "amapa",
                            "num_casa": "44",
                            "cidadde": "timbó",
                            "bairro": "estados"
                        }
                    },
                    "fornada": {
                        "num_pizzas": "1",
                        "num_da_fornada": "3"
                    },
                    "bebida": {
                        "tipo_bebida": "guarana",
                        "preco": 4.00
                    }
                }
            },
            "pizza_pedida": {
                "quantidade": "1",
                "pedido": {
                    "dia": "quarta",
                    "hora": "14:00",
                    "prioridade": "alta",
                    "cliente": {
                        "nome": "matheus",
                        "login": "matheus123",
                        "senha": "123",
                        "telefone": "1234-5667",
                        "endereco": {
                            "cep": "89120000",
                            "rua": "amapa",
                            "num_casa": "44",
                            "cidadde": "timbó",
                            "bairro": "estados"
                        }
                    },
                    "tamanho": {
                        "nome": "media",
                        "desconto": 5.00
                    }
                }
            },
            "ingrediente": {
                "nome": "queijo, presunto, cebola, azeitona, ovo",
                "preco": 10.00,
                "pedidos": [
                    {
                        "dia": "quarta",
                        "hora": "14:00",
                        "prioridade": "alta",
                        "cliente": {
                            "nome": "matheus",
                            "login": "matheus123",
                            "senha": "123",
                            "telefone": "1234-5667",
                            "endereco": {
                                "cep": "89120000",
                                "rua": "amapa",
                                "num_casa": "44",
                                "cidadde": "timbó",
                                "bairro": "estados"
                            }
                        }
                    }
                ]
            }
        }
    ]
}